<?xml version="1.0" encoding="UTF-8"?>
<project-private xmlns="http://www.netbeans.org/ns/project-private/1">
    <editor-bookmarks xmlns="http://www.netbeans.org/ns/editor-bookmarks/2" lastBookmarkId="0"/>
    <open-files xmlns="http://www.netbeans.org/ns/projectui-open-files/2">
        <group>
            <file>file:/Users/CARLOSPARLOUR/NetBeansProjects/HangmanProject/src/hangmanproject/Picture.java</file>
            <file>file:/Users/CARLOSPARLOUR/NetBeansProjects/HangmanProject/src/hangmanproject/HangmanProject.java</file>
            <file>file:/Users/CARLOSPARLOUR/NetBeansProjects/HangmanProject/src/hangmanproject/presidentFile.txt</file>
            <file>file:/Users/CARLOSPARLOUR/NetBeansProjects/HangmanProject/src/hangmanproject/RandomWord.java</file>
            <file>file:/Users/CARLOSPARLOUR/NetBeansProjects/HangmanProject/src/hangmanproject/carFile.txt</file>
            <file>file:/Users/CARLOSPARLOUR/NetBeansProjects/HangmanProject/src/hangmanproject/GuessWord.java</file>
        </group>
    </open-files>
</project-private>
